event_num,event_msg_type,pc_time,action_type,person1,person2
2,12,7200,0,0370a0d090da0d0edc6319f120187e0e,0370a0d090da0d0edc6319f120187e0e
4,10,7200,0,8d2127290c94bd41b82a2938734bc750,99104de2626f67c1fa2ce70504970c3f
7,1,7020,79,42e0d7167f04a4ff958c6442da0e6851,0370a0d090da0d0edc6319f120187e0e
8,6,7020,2,616281dee946056b071699476fdee9ec,42e0d7167f04a4ff958c6442da0e6851
10,3,7020,10,42e0d7167f04a4ff958c6442da0e6851,0370a0d090da0d0edc6319f120187e0e
11,1,6900,79,e814950408915f43de2b079dce7c21c5,0370a0d090da0d0edc6319f120187e0e
12,2,6680,63,42e0d7167f04a4ff958c6442da0e6851,0370a0d090da0d0edc6319f120187e0e
13,4,6660,0,616281dee946056b071699476fdee9ec,0370a0d090da0d0edc6319f120187e0e
14,2,6610,41,48ec4e6c52f418d5ca4ef510ba473ea0,0370a0d090da0d0edc6319f120187e0e
15,4,6610,0,42e0d7167f04a4ff958c6442da0e6851,0370a0d090da0d0edc6319f120187e0e
16,6,6540,2,99104de2626f67c1fa2ce70504970c3f,8d2127290c94bd41b82a2938734bc750
18,3,6540,11,8d2127290c94bd41b82a2938734bc750,0370a0d090da0d0edc6319f120187e0e
19,3,6540,12,8d2127290c94bd41b82a2938734bc750,0370a0d090da0d0edc6319f120187e0e
20,2,6420,6,e814950408915f43de2b079dce7c21c5,0370a0d090da0d0edc6319f120187e0e
22,1,6360,72,99104de2626f67c1fa2ce70504970c3f,0370a0d090da0d0edc6319f120187e0e
21,4,6360,0,99104de2626f67c1fa2ce70504970c3f,0370a0d090da0d0edc6319f120187e0e
23,5,6180,1,8d2127290c94bd41b82a2938734bc750,48ec4e6c52f418d5ca4ef510ba473ea0
25,2,6150,5,e814950408915f43de2b079dce7c21c5,0370a0d090da0d0edc6319f120187e0e
26,4,6150,0,eb663a4ba8e90722905ef24a17c00df1,0370a0d090da0d0edc6319f120187e0e
27,7,6150,1,c9ef395e3fd4c1dda4a4427fd86ec1d6,0370a0d090da0d0edc6319f120187e0e
28,1,6050,79,c5dd5b2e3b975f0849d9b74e74125cb9,0370a0d090da0d0edc6319f120187e0e
29,2,5880,3,99104de2626f67c1fa2ce70504970c3f,0370a0d090da0d0edc6319f120187e0e
30,4,5860,0,766802a8fda500d7945950de7398c9c6,0370a0d090da0d0edc6319f120187e0e
31,1,5820,79,766802a8fda500d7945950de7398c9c6,0370a0d090da0d0edc6319f120187e0e
32,5,5660,2,48ec4e6c52f418d5ca4ef510ba473ea0,766802a8fda500d7945950de7398c9c6
34,1,5610,79,c5dd5b2e3b975f0849d9b74e74125cb9,766802a8fda500d7945950de7398c9c6
36,9,5600,1,c9ef395e3fd4c1dda4a4427fd86ec1d6,0370a0d090da0d0edc6319f120187e0e
37,6,5500,1,618f6d58ab2881152607c2a6e057bc51,e814950408915f43de2b079dce7c21c5
40,2,5370,1,e814950408915f43de2b079dce7c21c5,0370a0d090da0d0edc6319f120187e0e
41,4,5340,0,99104de2626f67c1fa2ce70504970c3f,0370a0d090da0d0edc6319f120187e0e
42,2,5300,1,d81d912f81fa43178f423aa89a713e96,0370a0d090da0d0edc6319f120187e0e
43,4,5260,0,8d2127290c94bd41b82a2938734bc750,0370a0d090da0d0edc6319f120187e0e
44,6,5130,1,48ec4e6c52f418d5ca4ef510ba473ea0,42e0d7167f04a4ff958c6442da0e6851
46,2,5080,101,c5dd5b2e3b975f0849d9b74e74125cb9,0370a0d090da0d0edc6319f120187e0e
47,4,5070,0,42e0d7167f04a4ff958c6442da0e6851,0370a0d090da0d0edc6319f120187e0e
48,1,5050,1,618f6d58ab2881152607c2a6e057bc51,42e0d7167f04a4ff958c6442da0e6851
50,6,4920,27,766802a8fda500d7945950de7398c9c6,d81d912f81fa43178f423aa89a713e96
52,1,4800,6,48ec4e6c52f418d5ca4ef510ba473ea0,0370a0d090da0d0edc6319f120187e0e
53,1,4740,1,766802a8fda500d7945950de7398c9c6,0370a0d090da0d0edc6319f120187e0e
54,1,4600,1,48ec4e6c52f418d5ca4ef510ba473ea0,616281dee946056b071699476fdee9ec
56,1,4450,80,c5dd5b2e3b975f0849d9b74e74125cb9,0370a0d090da0d0edc6319f120187e0e
57,1,4260,78,99104de2626f67c1fa2ce70504970c3f,48ec4e6c52f418d5ca4ef510ba473ea0
59,2,4130,1,42e0d7167f04a4ff958c6442da0e6851,0370a0d090da0d0edc6319f120187e0e
60,4,4100,0,766802a8fda500d7945950de7398c9c6,0370a0d090da0d0edc6319f120187e0e
61,2,4080,1,766802a8fda500d7945950de7398c9c6,0370a0d090da0d0edc6319f120187e0e
62,4,4050,0,42e0d7167f04a4ff958c6442da0e6851,0370a0d090da0d0edc6319f120187e0e
63,2,4040,1,618f6d58ab2881152607c2a6e057bc51,0370a0d090da0d0edc6319f120187e0e
64,4,4010,0,99104de2626f67c1fa2ce70504970c3f,0370a0d090da0d0edc6319f120187e0e
65,2,3890,86,616281dee946056b071699476fdee9ec,0370a0d090da0d0edc6319f120187e0e
66,4,3850,0,618f6d58ab2881152607c2a6e057bc51,0370a0d090da0d0edc6319f120187e0e
67,6,3830,1,e814950408915f43de2b079dce7c21c5,766802a8fda500d7945950de7398c9c6
69,2,3710,63,766802a8fda500d7945950de7398c9c6,0370a0d090da0d0edc6319f120187e0e
71,2,3680,97,8d2127290c94bd41b82a2938734bc750,0370a0d090da0d0edc6319f120187e0e
70,4,3680,0,8d2127290c94bd41b82a2938734bc750,0370a0d090da0d0edc6319f120187e0e
72,4,3680,0,c9ef395e3fd4c1dda4a4427fd86ec1d6,0370a0d090da0d0edc6319f120187e0e
73,2,3530,79,e814950408915f43de2b079dce7c21c5,0370a0d090da0d0edc6319f120187e0e
74,4,3500,0,42e0d7167f04a4ff958c6442da0e6851,0370a0d090da0d0edc6319f120187e0e
75,2,3370,101,618f6d58ab2881152607c2a6e057bc51,0370a0d090da0d0edc6319f120187e0e
76,4,3350,0,99104de2626f67c1fa2ce70504970c3f,0370a0d090da0d0edc6319f120187e0e
77,1,3290,101,616281dee946056b071699476fdee9ec,48ec4e6c52f418d5ca4ef510ba473ea0
79,2,3100,6,766802a8fda500d7945950de7398c9c6,0370a0d090da0d0edc6319f120187e0e
81,4,3100,0,eb663a4ba8e90722905ef24a17c00df1,0370a0d090da0d0edc6319f120187e0e
82,8,3100,0,42e0d7167f04a4ff958c6442da0e6851,f4a5ca938177c407a9dab5412e39498f
84,20,3000,3,0370a0d090da0d0edc6319f120187e0e,0370a0d090da0d0edc6319f120187e0e
85,8,3000,0,99104de2626f67c1fa2ce70504970c3f,4413c19cf092bda39332d7833c90bfe6
87,1,2880,79,f4a5ca938177c407a9dab5412e39498f,766802a8fda500d7945950de7398c9c6
89,2,2680,86,e814950408915f43de2b079dce7c21c5,0370a0d090da0d0edc6319f120187e0e
90,4,2650,0,8d2127290c94bd41b82a2938734bc750,0370a0d090da0d0edc6319f120187e0e
91,2,2500,6,c5dd5b2e3b975f0849d9b74e74125cb9,0370a0d090da0d0edc6319f120187e0e
92,4,2480,0,e814950408915f43de2b079dce7c21c5,0370a0d090da0d0edc6319f120187e0e
93,1,2410,1,616281dee946056b071699476fdee9ec,e814950408915f43de2b079dce7c21c5
95,9,2390,1,eb663a4ba8e90722905ef24a17c00df1,0370a0d090da0d0edc6319f120187e0e
96,8,2390,0,618f6d58ab2881152607c2a6e057bc51,ae53f8ba6761b64a174051da817785bc
98,8,2390,0,d81d912f81fa43178f423aa89a713e96,44230324724c84f122ac62a5f0918314
97,8,2390,0,8d2127290c94bd41b82a2938734bc750,5db9c1c8184510fee8161e7fafdc9c49
102,2,2220,86,f4a5ca938177c407a9dab5412e39498f,0370a0d090da0d0edc6319f120187e0e
103,4,2190,0,48ec4e6c52f418d5ca4ef510ba473ea0,0370a0d090da0d0edc6319f120187e0e
104,2,2150,58,616281dee946056b071699476fdee9ec,0370a0d090da0d0edc6319f120187e0e
105,4,2130,0,616281dee946056b071699476fdee9ec,0370a0d090da0d0edc6319f120187e0e
106,2,2100,1,44230324724c84f122ac62a5f0918314,0370a0d090da0d0edc6319f120187e0e
107,4,2100,0,f4a5ca938177c407a9dab5412e39498f,0370a0d090da0d0edc6319f120187e0e
108,5,2020,45,766802a8fda500d7945950de7398c9c6,0370a0d090da0d0edc6319f120187e0e
109,2,1950,79,616281dee946056b071699476fdee9ec,0370a0d090da0d0edc6319f120187e0e
110,4,1920,0,f4a5ca938177c407a9dab5412e39498f,0370a0d090da0d0edc6319f120187e0e
111,2,1860,1,5db9c1c8184510fee8161e7fafdc9c49,0370a0d090da0d0edc6319f120187e0e
112,4,1850,0,eb663a4ba8e90722905ef24a17c00df1,0370a0d090da0d0edc6319f120187e0e
113,8,1850,0,616281dee946056b071699476fdee9ec,5cce6ffa455e6372d9de0de400482ab6
115,8,1850,0,c5dd5b2e3b975f0849d9b74e74125cb9,2ad626904c8b28cceb8e12c624a84240
117,6,1710,2,4413c19cf092bda39332d7833c90bfe6,ae53f8ba6761b64a174051da817785bc
119,3,1710,11,ae53f8ba6761b64a174051da817785bc,0370a0d090da0d0edc6319f120187e0e
120,3,1710,12,ae53f8ba6761b64a174051da817785bc,0370a0d090da0d0edc6319f120187e0e
121,2,1570,1,48ec4e6c52f418d5ca4ef510ba473ea0,0370a0d090da0d0edc6319f120187e0e
122,4,1530,0,f4a5ca938177c407a9dab5412e39498f,0370a0d090da0d0edc6319f120187e0e
123,2,1440,6,766802a8fda500d7945950de7398c9c6,0370a0d090da0d0edc6319f120187e0e
124,4,1420,0,5cce6ffa455e6372d9de0de400482ab6,0370a0d090da0d0edc6319f120187e0e
125,6,1380,1,ae53f8ba6761b64a174051da817785bc,48ec4e6c52f418d5ca4ef510ba473ea0
127,8,1380,0,48ec4e6c52f418d5ca4ef510ba473ea0,4ef3dae16c436459ff05156abca5cebd
129,1,1340,79,e814950408915f43de2b079dce7c21c5,0370a0d090da0d0edc6319f120187e0e
130,6,1120,1,4413c19cf092bda39332d7833c90bfe6,f4a5ca938177c407a9dab5412e39498f
132,3,1120,11,f4a5ca938177c407a9dab5412e39498f,0370a0d090da0d0edc6319f120187e0e
135,8,1120,0,4413c19cf092bda39332d7833c90bfe6,99104de2626f67c1fa2ce70504970c3f
133,3,1120,12,f4a5ca938177c407a9dab5412e39498f,0370a0d090da0d0edc6319f120187e0e
136,2,990,79,99104de2626f67c1fa2ce70504970c3f,0370a0d090da0d0edc6319f120187e0e
138,2,940,97,4ef3dae16c436459ff05156abca5cebd,0370a0d090da0d0edc6319f120187e0e
137,4,940,0,4ef3dae16c436459ff05156abca5cebd,0370a0d090da0d0edc6319f120187e0e
139,4,920,0,2ad626904c8b28cceb8e12c624a84240,0370a0d090da0d0edc6319f120187e0e
140,1,890,98,f4a5ca938177c407a9dab5412e39498f,766802a8fda500d7945950de7398c9c6
142,1,720,1,5cce6ffa455e6372d9de0de400482ab6,e814950408915f43de2b079dce7c21c5
144,1,506,1,f4a5ca938177c407a9dab5412e39498f,766802a8fda500d7945950de7398c9c6
146,2,340,58,99104de2626f67c1fa2ce70504970c3f,0370a0d090da0d0edc6319f120187e0e
147,4,306,0,2ad626904c8b28cceb8e12c624a84240,0370a0d090da0d0edc6319f120187e0e
148,2,81,80,766802a8fda500d7945950de7398c9c6,0370a0d090da0d0edc6319f120187e0e
149,4,52,0,99104de2626f67c1fa2ce70504970c3f,0370a0d090da0d0edc6319f120187e0e
150,2,10,101,e814950408915f43de2b079dce7c21c5,0370a0d090da0d0edc6319f120187e0e
151,4,10,0,c9ef395e3fd4c1dda4a4427fd86ec1d6,0370a0d090da0d0edc6319f120187e0e
153,18,10,0,abeac5235e1f067cdf96a62a62676beb,0370a0d090da0d0edc6319f120187e0e
152,13,0,0,0370a0d090da0d0edc6319f120187e0e,0370a0d090da0d0edc6319f120187e0e
158,12,7200,0,0370a0d090da0d0edc6319f120187e0e,0370a0d090da0d0edc6319f120187e0e
159,1,7040,1,4ef3dae16c436459ff05156abca5cebd,0370a0d090da0d0edc6319f120187e0e
160,1,6860,79,2ad626904c8b28cceb8e12c624a84240,0370a0d090da0d0edc6319f120187e0e
161,2,6690,101,44230324724c84f122ac62a5f0918314,0370a0d090da0d0edc6319f120187e0e
162,4,6640,0,99104de2626f67c1fa2ce70504970c3f,0370a0d090da0d0edc6319f120187e0e
163,1,6640,97,99104de2626f67c1fa2ce70504970c3f,0370a0d090da0d0edc6319f120187e0e
164,2,6570,1,ae53f8ba6761b64a174051da817785bc,0370a0d090da0d0edc6319f120187e0e
166,4,6540,0,99104de2626f67c1fa2ce70504970c3f,0370a0d090da0d0edc6319f120187e0e
167,1,6480,52,99104de2626f67c1fa2ce70504970c3f,4dd3d6a51dc97c651d3a86eec4362a1f
169,2,6280,80,c5dd5b2e3b975f0849d9b74e74125cb9,0370a0d090da0d0edc6319f120187e0e
170,4,6250,0,4dd3d6a51dc97c651d3a86eec4362a1f,0370a0d090da0d0edc6319f120187e0e
171,5,6160,1,4dd3d6a51dc97c651d3a86eec4362a1f,f4a5ca938177c407a9dab5412e39498f
173,7,6160,5,5cce6ffa455e6372d9de0de400482ab6,0370a0d090da0d0edc6319f120187e0e
174,2,6040,79,f4a5ca938177c407a9dab5412e39498f,0370a0d090da0d0edc6319f120187e0e
176,4,6040,0,eb663a4ba8e90722905ef24a17c00df1,0370a0d090da0d0edc6319f120187e0e
177,2,6020,44,f4a5ca938177c407a9dab5412e39498f,0370a0d090da0d0edc6319f120187e0e
179,4,5990,0,5cce6ffa455e6372d9de0de400482ab6,0370a0d090da0d0edc6319f120187e0e
180,2,5890,101,4ef3dae16c436459ff05156abca5cebd,0370a0d090da0d0edc6319f120187e0e
181,4,5850,0,f4a5ca938177c407a9dab5412e39498f,0370a0d090da0d0edc6319f120187e0e
182,2,5760,1,2ad626904c8b28cceb8e12c624a84240,0370a0d090da0d0edc6319f120187e0e
183,4,5720,0,4dd3d6a51dc97c651d3a86eec4362a1f,0370a0d090da0d0edc6319f120187e0e
184,1,5690,108,44230324724c84f122ac62a5f0918314,4dd3d6a51dc97c651d3a86eec4362a1f
186,9,5680,1,eb663a4ba8e90722905ef24a17c00df1,0370a0d090da0d0edc6319f120187e0e
187,8,5680,0,f4a5ca938177c407a9dab5412e39498f,42e0d7167f04a4ff958c6442da0e6851
189,1,5530,3,ae53f8ba6761b64a174051da817785bc,c5dd5b2e3b975f0849d9b74e74125cb9
191,1,5400,79,4dd3d6a51dc97c651d3a86eec4362a1f,0370a0d090da0d0edc6319f120187e0e
192,2,5150,80,c5dd5b2e3b975f0849d9b74e74125cb9,0370a0d090da0d0edc6319f120187e0e
193,4,5130,0,5cce6ffa455e6372d9de0de400482ab6,0370a0d090da0d0edc6319f120187e0e
194,1,4960,52,5cce6ffa455e6372d9de0de400482ab6,4dd3d6a51dc97c651d3a86eec4362a1f
196,6,4770,1,4dd3d6a51dc97c651d3a86eec4362a1f,2ad626904c8b28cceb8e12c624a84240
199,8,4770,0,ae53f8ba6761b64a174051da817785bc,766802a8fda500d7945950de7398c9c6
198,8,4770,0,2ad626904c8b28cceb8e12c624a84240,618f6d58ab2881152607c2a6e057bc51
200,8,4770,0,5db9c1c8184510fee8161e7fafdc9c49,8d2127290c94bd41b82a2938734bc750
204,5,4750,1,c5dd5b2e3b975f0849d9b74e74125cb9,4ef3dae16c436459ff05156abca5cebd
206,6,4730,2,42e0d7167f04a4ff958c6442da0e6851,5cce6ffa455e6372d9de0de400482ab6
208,18,4730,0,7af6ffb7b66295092017e6eef32e3a33,0370a0d090da0d0edc6319f120187e0e
209,3,4730,11,5cce6ffa455e6372d9de0de400482ab6,0370a0d090da0d0edc6319f120187e0e
210,3,4730,12,5cce6ffa455e6372d9de0de400482ab6,0370a0d090da0d0edc6319f120187e0e
211,4,4700,0,618f6d58ab2881152607c2a6e057bc51,0370a0d090da0d0edc6319f120187e0e
212,6,4600,1,5cce6ffa455e6372d9de0de400482ab6,766802a8fda500d7945950de7398c9c6
214,2,4460,80,766802a8fda500d7945950de7398c9c6,0370a0d090da0d0edc6319f120187e0e
215,4,4440,0,42e0d7167f04a4ff958c6442da0e6851,0370a0d090da0d0edc6319f120187e0e
216,1,4410,3,42e0d7167f04a4ff958c6442da0e6851,0370a0d090da0d0edc6319f120187e0e
217,5,4220,4,44230324724c84f122ac62a5f0918314,0370a0d090da0d0edc6319f120187e0e
218,2,4090,1,618f6d58ab2881152607c2a6e057bc51,0370a0d090da0d0edc6319f120187e0e
219,4,4060,0,4dd3d6a51dc97c651d3a86eec4362a1f,0370a0d090da0d0edc6319f120187e0e
220,2,4020,79,4dd3d6a51dc97c651d3a86eec4362a1f,0370a0d090da0d0edc6319f120187e0e
221,4,3980,0,8d2127290c94bd41b82a2938734bc750,0370a0d090da0d0edc6319f120187e0e
222,1,3780,79,42e0d7167f04a4ff958c6442da0e6851,0370a0d090da0d0edc6319f120187e0e
223,6,3560,1,618f6d58ab2881152607c2a6e057bc51,4dd3d6a51dc97c651d3a86eec4362a1f
226,8,3560,0,4ef3dae16c436459ff05156abca5cebd,e814950408915f43de2b079dce7c21c5
225,8,3560,0,44230324724c84f122ac62a5f0918314,48ec4e6c52f418d5ca4ef510ba473ea0
229,1,3490,101,48ec4e6c52f418d5ca4ef510ba473ea0,0370a0d090da0d0edc6319f120187e0e
230,5,3290,45,c5dd5b2e3b975f0849d9b74e74125cb9,0370a0d090da0d0edc6319f120187e0e
231,1,3240,103,48ec4e6c52f418d5ca4ef510ba473ea0,0370a0d090da0d0edc6319f120187e0e
232,1,3090,6,766802a8fda500d7945950de7398c9c6,0370a0d090da0d0edc6319f120187e0e
233,2,3010,101,4dd3d6a51dc97c651d3a86eec4362a1f,0370a0d090da0d0edc6319f120187e0e
234,4,2980,0,42e0d7167f04a4ff958c6442da0e6851,0370a0d090da0d0edc6319f120187e0e
235,6,2970,1,5cce6ffa455e6372d9de0de400482ab6,618f6d58ab2881152607c2a6e057bc51
238,8,2970,0,5cce6ffa455e6372d9de0de400482ab6,616281dee946056b071699476fdee9ec
237,8,2970,0,99104de2626f67c1fa2ce70504970c3f,4413c19cf092bda39332d7833c90bfe6
241,1,2770,6,c5dd5b2e3b975f0849d9b74e74125cb9,0370a0d090da0d0edc6319f120187e0e
242,2,2690,1,48ec4e6c52f418d5ca4ef510ba473ea0,0370a0d090da0d0edc6319f120187e0e
243,4,2650,0,42e0d7167f04a4ff958c6442da0e6851,0370a0d090da0d0edc6319f120187e0e
244,1,2500,1,c5dd5b2e3b975f0849d9b74e74125cb9,766802a8fda500d7945950de7398c9c6
246,9,2390,1,c9ef395e3fd4c1dda4a4427fd86ec1d6,0370a0d090da0d0edc6319f120187e0e
247,8,2390,0,4dd3d6a51dc97c651d3a86eec4362a1f,d81d912f81fa43178f423aa89a713e96
249,2,2310,79,e814950408915f43de2b079dce7c21c5,0370a0d090da0d0edc6319f120187e0e
250,4,2290,0,eb663a4ba8e90722905ef24a17c00df1,0370a0d090da0d0edc6319f120187e0e
251,2,2080,1,c5dd5b2e3b975f0849d9b74e74125cb9,0370a0d090da0d0edc6319f120187e0e
252,4,2050,0,42e0d7167f04a4ff958c6442da0e6851,0370a0d090da0d0edc6319f120187e0e
253,1,1990,79,766802a8fda500d7945950de7398c9c6,0370a0d090da0d0edc6319f120187e0e
254,1,1830,98,4413c19cf092bda39332d7833c90bfe6,e814950408915f43de2b079dce7c21c5
256,20,1730,3,0370a0d090da0d0edc6319f120187e0e,0370a0d090da0d0edc6319f120187e0e
257,6,1690,2,d81d912f81fa43178f423aa89a713e96,c5dd5b2e3b975f0849d9b74e74125cb9
259,3,1690,11,c5dd5b2e3b975f0849d9b74e74125cb9,0370a0d090da0d0edc6319f120187e0e
260,3,1690,12,c5dd5b2e3b975f0849d9b74e74125cb9,0370a0d090da0d0edc6319f120187e0e
261,1,1600,79,48ec4e6c52f418d5ca4ef510ba473ea0,0370a0d090da0d0edc6319f120187e0e
262,1,1440,6,766802a8fda500d7945950de7398c9c6,0370a0d090da0d0edc6319f120187e0e
263,1,1220,80,d81d912f81fa43178f423aa89a713e96,48ec4e6c52f418d5ca4ef510ba473ea0
265,1,970,63,42e0d7167f04a4ff958c6442da0e6851,0370a0d090da0d0edc6319f120187e0e
266,2,870,5,48ec4e6c52f418d5ca4ef510ba473ea0,0370a0d090da0d0edc6319f120187e0e
267,4,870,0,eb663a4ba8e90722905ef24a17c00df1,0370a0d090da0d0edc6319f120187e0e
268,2,760,98,8d2127290c94bd41b82a2938734bc750,0370a0d090da0d0edc6319f120187e0e
270,4,720,0,4413c19cf092bda39332d7833c90bfe6,0370a0d090da0d0edc6319f120187e0e
271,1,700,6,e814950408915f43de2b079dce7c21c5,0370a0d090da0d0edc6319f120187e0e
272,5,650,45,c5dd5b2e3b975f0849d9b74e74125cb9,0370a0d090da0d0edc6319f120187e0e
273,8,650,0,618f6d58ab2881152607c2a6e057bc51,5db9c1c8184510fee8161e7fafdc9c49
275,1,508,1,48ec4e6c52f418d5ca4ef510ba473ea0,0370a0d090da0d0edc6319f120187e0e
276,2,401,1,c5dd5b2e3b975f0849d9b74e74125cb9,0370a0d090da0d0edc6319f120187e0e
277,4,376,0,c9ef395e3fd4c1dda4a4427fd86ec1d6,0370a0d090da0d0edc6319f120187e0e
278,6,349,1,c5dd5b2e3b975f0849d9b74e74125cb9,48ec4e6c52f418d5ca4ef510ba473ea0
280,2,308,79,48ec4e6c52f418d5ca4ef510ba473ea0,0370a0d090da0d0edc6319f120187e0e
281,4,279,0,766802a8fda500d7945950de7398c9c6,0370a0d090da0d0edc6319f120187e0e
282,20,235,3,0370a0d090da0d0edc6319f120187e0e,0370a0d090da0d0edc6319f120187e0e
284,2,37,63,766802a8fda500d7945950de7398c9c6,0370a0d090da0d0edc6319f120187e0e
285,4,28,0,42e0d7167f04a4ff958c6442da0e6851,0370a0d090da0d0edc6319f120187e0e
286,2,10,1,c5dd5b2e3b975f0849d9b74e74125cb9,0370a0d090da0d0edc6319f120187e0e
287,4,10,0,eb663a4ba8e90722905ef24a17c00df1,0370a0d090da0d0edc6319f120187e0e
288,13,0,0,0370a0d090da0d0edc6319f120187e0e,0370a0d090da0d0edc6319f120187e0e
293,12,7200,0,0370a0d090da0d0edc6319f120187e0e,0370a0d090da0d0edc6319f120187e0e
294,1,7070,78,99104de2626f67c1fa2ce70504970c3f,48ec4e6c52f418d5ca4ef510ba473ea0
296,6,6900,2,48ec4e6c52f418d5ca4ef510ba473ea0,c5dd5b2e3b975f0849d9b74e74125cb9
298,3,6900,11,c5dd5b2e3b975f0849d9b74e74125cb9,0370a0d090da0d0edc6319f120187e0e
299,3,6900,12,c5dd5b2e3b975f0849d9b74e74125cb9,0370a0d090da0d0edc6319f120187e0e
300,1,6770,108,d81d912f81fa43178f423aa89a713e96,e814950408915f43de2b079dce7c21c5
302,1,6550,1,c5dd5b2e3b975f0849d9b74e74125cb9,766802a8fda500d7945950de7398c9c6
304,2,6460,3,616281dee946056b071699476fdee9ec,0370a0d090da0d0edc6319f120187e0e
305,4,6430,0,8d2127290c94bd41b82a2938734bc750,0370a0d090da0d0edc6319f120187e0e
306,5,6330,45,766802a8fda500d7945950de7398c9c6,0370a0d090da0d0edc6319f120187e0e
307,5,6210,39,48ec4e6c52f418d5ca4ef510ba473ea0,0370a0d090da0d0edc6319f120187e0e
308,6,6110,1,e814950408915f43de2b079dce7c21c5,42e0d7167f04a4ff958c6442da0e6851
310,2,6040,98,8d2127290c94bd41b82a2938734bc750,0370a0d090da0d0edc6319f120187e0e
312,4,6000,0,616281dee946056b071699476fdee9ec,0370a0d090da0d0edc6319f120187e0e
313,6,5930,2,c5dd5b2e3b975f0849d9b74e74125cb9,d81d912f81fa43178f423aa89a713e96
315,3,5930,11,d81d912f81fa43178f423aa89a713e96,0370a0d090da0d0edc6319f120187e0e
316,3,5930,12,d81d912f81fa43178f423aa89a713e96,0370a0d090da0d0edc6319f120187e0e
317,1,5780,79,766802a8fda500d7945950de7398c9c6,0370a0d090da0d0edc6319f120187e0e
318,6,5630,29,8d2127290c94bd41b82a2938734bc750,99104de2626f67c1fa2ce70504970c3f
320,3,5630,11,99104de2626f67c1fa2ce70504970c3f,0370a0d090da0d0edc6319f120187e0e
321,3,5630,12,99104de2626f67c1fa2ce70504970c3f,0370a0d090da0d0edc6319f120187e0e
322,1,5430,6,766802a8fda500d7945950de7398c9c6,8d2127290c94bd41b82a2938734bc750
324,2,5270,1,616281dee946056b071699476fdee9ec,0370a0d090da0d0edc6319f120187e0e
325,4,5240,0,618f6d58ab2881152607c2a6e057bc51,0370a0d090da0d0edc6319f120187e0e
326,2,5180,6,618f6d58ab2881152607c2a6e057bc51,0370a0d090da0d0edc6319f120187e0e
328,4,5150,0,48ec4e6c52f418d5ca4ef510ba473ea0,0370a0d090da0d0edc6319f120187e0e
329,6,5120,2,618f6d58ab2881152607c2a6e057bc51,48ec4e6c52f418d5ca4ef510ba473ea0
331,3,5120,11,48ec4e6c52f418d5ca4ef510ba473ea0,0370a0d090da0d0edc6319f120187e0e
332,3,5120,12,48ec4e6c52f418d5ca4ef510ba473ea0,0370a0d090da0d0edc6319f120187e0e
333,4,5090,0,c9ef395e3fd4c1dda4a4427fd86ec1d6,0370a0d090da0d0edc6319f120187e0e
334,1,4880,102,e814950408915f43de2b079dce7c21c5,0370a0d090da0d0edc6319f120187e0e
335,2,4720,1,c5dd5b2e3b975f0849d9b74e74125cb9,0370a0d090da0d0edc6319f120187e0e
336,4,4680,0,42e0d7167f04a4ff958c6442da0e6851,0370a0d090da0d0edc6319f120187e0e
337,2,4620,79,766802a8fda500d7945950de7398c9c6,0370a0d090da0d0edc6319f120187e0e
338,4,4600,0,48ec4e6c52f418d5ca4ef510ba473ea0,0370a0d090da0d0edc6319f120187e0e
339,6,4600,28,42e0d7167f04a4ff958c6442da0e6851,48ec4e6c52f418d5ca4ef510ba473ea0
341,2,4420,1,616281dee946056b071699476fdee9ec,0370a0d090da0d0edc6319f120187e0e
342,4,4380,0,42e0d7167f04a4ff958c6442da0e6851,0370a0d090da0d0edc6319f120187e0e
343,1,4230,79,766802a8fda500d7945950de7398c9c6,0370a0d090da0d0edc6319f120187e0e
344,9,4120,1,c9ef395e3fd4c1dda4a4427fd86ec1d6,0370a0d090da0d0edc6319f120187e0e
345,20,4120,3,0370a0d090da0d0edc6319f120187e0e,0370a0d090da0d0edc6319f120187e0e
346,6,4020,2,618f6d58ab2881152607c2a6e057bc51,e814950408915f43de2b079dce7c21c5
348,3,4020,11,e814950408915f43de2b079dce7c21c5,0370a0d090da0d0edc6319f120187e0e
351,8,4020,0,618f6d58ab2881152607c2a6e057bc51,5db9c1c8184510fee8161e7fafdc9c49
349,3,4020,12,e814950408915f43de2b079dce7c21c5,0370a0d090da0d0edc6319f120187e0e
352,6,3930,4,42e0d7167f04a4ff958c6442da0e6851,616281dee946056b071699476fdee9ec
354,5,3930,37,42e0d7167f04a4ff958c6442da0e6851,0370a0d090da0d0edc6319f120187e0e
355,1,3820,52,e814950408915f43de2b079dce7c21c5,48ec4e6c52f418d5ca4ef510ba473ea0
357,2,3560,63,5db9c1c8184510fee8161e7fafdc9c49,0370a0d090da0d0edc6319f120187e0e
358,4,3530,0,99104de2626f67c1fa2ce70504970c3f,0370a0d090da0d0edc6319f120187e0e
359,2,3300,44,616281dee946056b071699476fdee9ec,0370a0d090da0d0edc6319f120187e0e
361,4,3300,0,c9ef395e3fd4c1dda4a4427fd86ec1d6,0370a0d090da0d0edc6319f120187e0e
362,5,3300,11,c9ef395e3fd4c1dda4a4427fd86ec1d6,0370a0d090da0d0edc6319f120187e0e
363,1,3160,79,766802a8fda500d7945950de7398c9c6,0370a0d090da0d0edc6319f120187e0e
364,1,2880,1,616281dee946056b071699476fdee9ec,48ec4e6c52f418d5ca4ef510ba473ea0
366,5,2710,1,42e0d7167f04a4ff958c6442da0e6851,99104de2626f67c1fa2ce70504970c3f
368,2,2570,101,e814950408915f43de2b079dce7c21c5,0370a0d090da0d0edc6319f120187e0e
369,4,2530,0,42e0d7167f04a4ff958c6442da0e6851,0370a0d090da0d0edc6319f120187e0e
370,2,2480,101,766802a8fda500d7945950de7398c9c6,0370a0d090da0d0edc6319f120187e0e
371,4,2480,0,d81d912f81fa43178f423aa89a713e96,0370a0d090da0d0edc6319f120187e0e
372,6,2350,4,99104de2626f67c1fa2ce70504970c3f,766802a8fda500d7945950de7398c9c6
374,5,2350,37,99104de2626f67c1fa2ce70504970c3f,0370a0d090da0d0edc6319f120187e0e
375,8,2350,0,8d2127290c94bd41b82a2938734bc750,f4a5ca938177c407a9dab5412e39498f
377,8,2350,0,d81d912f81fa43178f423aa89a713e96,4ef3dae16c436459ff05156abca5cebd
379,5,2230,1,766802a8fda500d7945950de7398c9c6,4ef3dae16c436459ff05156abca5cebd
381,2,2200,41,4ef3dae16c436459ff05156abca5cebd,0370a0d090da0d0edc6319f120187e0e
383,4,2170,0,c5dd5b2e3b975f0849d9b74e74125cb9,0370a0d090da0d0edc6319f120187e0e
384,1,2150,103,c5dd5b2e3b975f0849d9b74e74125cb9,0370a0d090da0d0edc6319f120187e0e
385,2,2010,5,99104de2626f67c1fa2ce70504970c3f,0370a0d090da0d0edc6319f120187e0e
387,2,1980,97,99104de2626f67c1fa2ce70504970c3f,0370a0d090da0d0edc6319f120187e0e
386,4,2010,0,99104de2626f67c1fa2ce70504970c3f,0370a0d090da0d0edc6319f120187e0e
388,4,1970,0,99104de2626f67c1fa2ce70504970c3f,0370a0d090da0d0edc6319f120187e0e
389,2,1960,97,99104de2626f67c1fa2ce70504970c3f,0370a0d090da0d0edc6319f120187e0e
390,4,1960,0,766802a8fda500d7945950de7398c9c6,0370a0d090da0d0edc6319f120187e0e
391,20,1950,3,0370a0d090da0d0edc6319f120187e0e,0370a0d090da0d0edc6319f120187e0e
392,9,1950,1,eb663a4ba8e90722905ef24a17c00df1,0370a0d090da0d0edc6319f120187e0e
393,8,1950,0,766802a8fda500d7945950de7398c9c6,2ad626904c8b28cceb8e12c624a84240
395,8,1950,0,99104de2626f67c1fa2ce70504970c3f,44230324724c84f122ac62a5f0918314
394,8,1950,0,616281dee946056b071699476fdee9ec,4413c19cf092bda39332d7833c90bfe6
399,2,1920,1,42e0d7167f04a4ff958c6442da0e6851,0370a0d090da0d0edc6319f120187e0e
400,4,1890,0,4413c19cf092bda39332d7833c90bfe6,0370a0d090da0d0edc6319f120187e0e
401,2,1810,1,44230324724c84f122ac62a5f0918314,0370a0d090da0d0edc6319f120187e0e
402,4,1750,0,c5dd5b2e3b975f0849d9b74e74125cb9,0370a0d090da0d0edc6319f120187e0e
403,5,1640,45,c5dd5b2e3b975f0849d9b74e74125cb9,0370a0d090da0d0edc6319f120187e0e
404,2,1500,79,44230324724c84f122ac62a5f0918314,0370a0d090da0d0edc6319f120187e0e
405,4,1470,0,f4a5ca938177c407a9dab5412e39498f,0370a0d090da0d0edc6319f120187e0e
406,6,1360,2,44230324724c84f122ac62a5f0918314,2ad626904c8b28cceb8e12c624a84240
408,3,1360,11,2ad626904c8b28cceb8e12c624a84240,0370a0d090da0d0edc6319f120187e0e
411,8,1360,0,48ec4e6c52f418d5ca4ef510ba473ea0,4dd3d6a51dc97c651d3a86eec4362a1f
409,3,1360,12,2ad626904c8b28cceb8e12c624a84240,0370a0d090da0d0edc6319f120187e0e
412,1,1170,102,44230324724c84f122ac62a5f0918314,0370a0d090da0d0edc6319f120187e0e
413,6,1010,1,44230324724c84f122ac62a5f0918314,f4a5ca938177c407a9dab5412e39498f
415,6,980,2,4413c19cf092bda39332d7833c90bfe6,42e0d7167f04a4ff958c6442da0e6851
417,3,980,11,42e0d7167f04a4ff958c6442da0e6851,0370a0d090da0d0edc6319f120187e0e
418,3,980,12,42e0d7167f04a4ff958c6442da0e6851,0370a0d090da0d0edc6319f120187e0e
419,4,960,0,e814950408915f43de2b079dce7c21c5,0370a0d090da0d0edc6319f120187e0e
420,2,830,80,e814950408915f43de2b079dce7c21c5,0370a0d090da0d0edc6319f120187e0e
421,4,760,0,4413c19cf092bda39332d7833c90bfe6,0370a0d090da0d0edc6319f120187e0e
422,1,760,72,4413c19cf092bda39332d7833c90bfe6,0370a0d090da0d0edc6319f120187e0e
423,6,620,2,4413c19cf092bda39332d7833c90bfe6,c5dd5b2e3b975f0849d9b74e74125cb9
425,3,620,11,c5dd5b2e3b975f0849d9b74e74125cb9,0370a0d090da0d0edc6319f120187e0e
426,3,620,12,c5dd5b2e3b975f0849d9b74e74125cb9,0370a0d090da0d0edc6319f120187e0e
427,2,389,79,4dd3d6a51dc97c651d3a86eec4362a1f,0370a0d090da0d0edc6319f120187e0e
429,4,355,0,42e0d7167f04a4ff958c6442da0e6851,0370a0d090da0d0edc6319f120187e0e
430,1,277,47,c5dd5b2e3b975f0849d9b74e74125cb9,0370a0d090da0d0edc6319f120187e0e
431,1,85,47,e814950408915f43de2b079dce7c21c5,0370a0d090da0d0edc6319f120187e0e
432,2,19,101,c5dd5b2e3b975f0849d9b74e74125cb9,0370a0d090da0d0edc6319f120187e0e
433,4,3,0,5db9c1c8184510fee8161e7fafdc9c49,0370a0d090da0d0edc6319f120187e0e
434,1,3,97,5db9c1c8184510fee8161e7fafdc9c49,0370a0d090da0d0edc6319f120187e0e
435,13,0,0,0370a0d090da0d0edc6319f120187e0e,0370a0d090da0d0edc6319f120187e0e
438,12,7200,0,0370a0d090da0d0edc6319f120187e0e,0370a0d090da0d0edc6319f120187e0e
439,2,6990,6,42e0d7167f04a4ff958c6442da0e6851,0370a0d090da0d0edc6319f120187e0e
440,4,6970,0,4ef3dae16c436459ff05156abca5cebd,0370a0d090da0d0edc6319f120187e0e
441,6,6930,2,5db9c1c8184510fee8161e7fafdc9c49,4413c19cf092bda39332d7833c90bfe6
443,3,6930,11,4413c19cf092bda39332d7833c90bfe6,0370a0d090da0d0edc6319f120187e0e
446,8,6930,0,c5dd5b2e3b975f0849d9b74e74125cb9,766802a8fda500d7945950de7398c9c6
444,3,6930,12,4413c19cf092bda39332d7833c90bfe6,0370a0d090da0d0edc6319f120187e0e
447,2,6770,63,f4a5ca938177c407a9dab5412e39498f,0370a0d090da0d0edc6319f120187e0e
448,4,6730,0,4413c19cf092bda39332d7833c90bfe6,0370a0d090da0d0edc6319f120187e0e
449,20,6560,3,0370a0d090da0d0edc6319f120187e0e,0370a0d090da0d0edc6319f120187e0e
450,8,6560,0,42e0d7167f04a4ff958c6442da0e6851,8d2127290c94bd41b82a2938734bc750
452,2,6520,79,4413c19cf092bda39332d7833c90bfe6,0370a0d090da0d0edc6319f120187e0e
453,4,6490,0,766802a8fda500d7945950de7398c9c6,0370a0d090da0d0edc6319f120187e0e
454,2,6410,79,766802a8fda500d7945950de7398c9c6,0370a0d090da0d0edc6319f120187e0e
455,4,6380,0,4413c19cf092bda39332d7833c90bfe6,0370a0d090da0d0edc6319f120187e0e
456,1,6210,1,4dd3d6a51dc97c651d3a86eec4362a1f,4413c19cf092bda39332d7833c90bfe6
458,6,5980,2,5cce6ffa455e6372d9de0de400482ab6,766802a8fda500d7945950de7398c9c6
460,3,5980,11,766802a8fda500d7945950de7398c9c6,0370a0d090da0d0edc6319f120187e0e
461,8,5980,0,5db9c1c8184510fee8161e7fafdc9c49,c5dd5b2e3b975f0849d9b74e74125cb9
463,20,5980,4,0370a0d090da0d0edc6319f120187e0e,0370a0d090da0d0edc6319f120187e0e
464,3,5980,12,766802a8fda500d7945950de7398c9c6,0370a0d090da0d0edc6319f120187e0e
465,20,5850,3,0370a0d090da0d0edc6319f120187e0e,0370a0d090da0d0edc6319f120187e0e
466,1,5760,58,5cce6ffa455e6372d9de0de400482ab6,0370a0d090da0d0edc6319f120187e0e
467,2,5550,6,c5dd5b2e3b975f0849d9b74e74125cb9,0370a0d090da0d0edc6319f120187e0e
468,4,5530,0,4dd3d6a51dc97c651d3a86eec4362a1f,0370a0d090da0d0edc6319f120187e0e
469,6,5530,1,2ad626904c8b28cceb8e12c624a84240,4dd3d6a51dc97c651d3a86eec4362a1f
471,2,5460,101,4ef3dae16c436459ff05156abca5cebd,0370a0d090da0d0edc6319f120187e0e
518,2,5440,97,4413c19cf092bda39332d7833c90bfe6,0370a0d090da0d0edc6319f120187e0e
519,4,5430,0,4413c19cf092bda39332d7833c90bfe6,0370a0d090da0d0edc6319f120187e0e
472,4,5450,0,4413c19cf092bda39332d7833c90bfe6,0370a0d090da0d0edc6319f120187e0e
473,6,5430,2,2ad626904c8b28cceb8e12c624a84240,4413c19cf092bda39332d7833c90bfe6
476,4,5430,1,c9ef395e3fd4c1dda4a4427fd86ec1d6,0370a0d090da0d0edc6319f120187e0e
475,3,5430,11,4413c19cf092bda39332d7833c90bfe6,0370a0d090da0d0edc6319f120187e0e
477,3,5430,12,4413c19cf092bda39332d7833c90bfe6,0370a0d090da0d0edc6319f120187e0e
478,5,5270,1,766802a8fda500d7945950de7398c9c6,5cce6ffa455e6372d9de0de400482ab6
480,1,5200,1,44230324724c84f122ac62a5f0918314,4ef3dae16c436459ff05156abca5cebd
483,9,5200,1,eb663a4ba8e90722905ef24a17c00df1,0370a0d090da0d0edc6319f120187e0e
484,8,5200,0,f4a5ca938177c407a9dab5412e39498f,42e0d7167f04a4ff958c6442da0e6851
486,2,5050,6,2ad626904c8b28cceb8e12c624a84240,0370a0d090da0d0edc6319f120187e0e
487,4,5020,0,8d2127290c94bd41b82a2938734bc750,0370a0d090da0d0edc6319f120187e0e
488,1,5010,1,c5dd5b2e3b975f0849d9b74e74125cb9,8d2127290c94bd41b82a2938734bc750
490,5,4710,2,4ef3dae16c436459ff05156abca5cebd,2ad626904c8b28cceb8e12c624a84240
492,5,4690,1,8d2127290c94bd41b82a2938734bc750,44230324724c84f122ac62a5f0918314
494,2,4620,1,4dd3d6a51dc97c651d3a86eec4362a1f,0370a0d090da0d0edc6319f120187e0e
495,4,4590,0,5cce6ffa455e6372d9de0de400482ab6,0370a0d090da0d0edc6319f120187e0e
496,1,4500,6,4ef3dae16c436459ff05156abca5cebd,0370a0d090da0d0edc6319f120187e0e
497,2,4350,6,c5dd5b2e3b975f0849d9b74e74125cb9,0370a0d090da0d0edc6319f120187e0e
499,4,4350,0,4ef3dae16c436459ff05156abca5cebd,0370a0d090da0d0edc6319f120187e0e
500,6,4200,1,2ad626904c8b28cceb8e12c624a84240,4dd3d6a51dc97c651d3a86eec4362a1f
502,2,4140,98,4413c19cf092bda39332d7833c90bfe6,0370a0d090da0d0edc6319f120187e0e
503,4,4120,0,5cce6ffa455e6372d9de0de400482ab6,0370a0d090da0d0edc6319f120187e0e
504,1,4110,87,5cce6ffa455e6372d9de0de400482ab6,0370a0d090da0d0edc6319f120187e0e
505,2,3870,79,766802a8fda500d7945950de7398c9c6,0370a0d090da0d0edc6319f120187e0e
506,4,3840,0,42e0d7167f04a4ff958c6442da0e6851,0370a0d090da0d0edc6319f120187e0e
507,6,3750,2,4413c19cf092bda39332d7833c90bfe6,766802a8fda500d7945950de7398c9c6
509,3,3750,11,766802a8fda500d7945950de7398c9c6,0370a0d090da0d0edc6319f120187e0e
512,8,3750,0,2ad626904c8b28cceb8e12c624a84240,618f6d58ab2881152607c2a6e057bc51
510,3,3750,12,766802a8fda500d7945950de7398c9c6,0370a0d090da0d0edc6319f120187e0e
513,9,3750,1,c9ef395e3fd4c1dda4a4427fd86ec1d6,0370a0d090da0d0edc6319f120187e0e
514,8,3750,0,44230324724c84f122ac62a5f0918314,48ec4e6c52f418d5ca4ef510ba473ea0
515,8,3750,0,4413c19cf092bda39332d7833c90bfe6,99104de2626f67c1fa2ce70504970c3f
520,1,3630,98,99104de2626f67c1fa2ce70504970c3f,4ef3dae16c436459ff05156abca5cebd
522,2,3390,79,c5dd5b2e3b975f0849d9b74e74125cb9,0370a0d090da0d0edc6319f120187e0e
523,4,3350,0,5cce6ffa455e6372d9de0de400482ab6,0370a0d090da0d0edc6319f120187e0e
524,1,3120,101,48ec4e6c52f418d5ca4ef510ba473ea0,0370a0d090da0d0edc6319f120187e0e
525,2,2930,1,618f6d58ab2881152607c2a6e057bc51,0370a0d090da0d0edc6319f120187e0e
526,4,2910,0,5cce6ffa455e6372d9de0de400482ab6,0370a0d090da0d0edc6319f120187e0e
527,2,2870,1,4dd3d6a51dc97c651d3a86eec4362a1f,0370a0d090da0d0edc6319f120187e0e
528,4,2830,0,4ef3dae16c436459ff05156abca5cebd,0370a0d090da0d0edc6319f120187e0e
529,2,2680,1,99104de2626f67c1fa2ce70504970c3f,0370a0d090da0d0edc6319f120187e0e
530,4,2650,0,8d2127290c94bd41b82a2938734bc750,0370a0d090da0d0edc6319f120187e0e
531,1,2620,1,c5dd5b2e3b975f0849d9b74e74125cb9,766802a8fda500d7945950de7398c9c6
533,1,2410,6,48ec4e6c52f418d5ca4ef510ba473ea0,0370a0d090da0d0edc6319f120187e0e
534,5,2330,1,c5dd5b2e3b975f0849d9b74e74125cb9,4ef3dae16c436459ff05156abca5cebd
536,1,2290,98,5cce6ffa455e6372d9de0de400482ab6,4dd3d6a51dc97c651d3a86eec4362a1f
538,6,2290,2,766802a8fda500d7945950de7398c9c6,5cce6ffa455e6372d9de0de400482ab6
540,9,2290,1,eb663a4ba8e90722905ef24a17c00df1,0370a0d090da0d0edc6319f120187e0e
543,8,2290,0,8d2127290c94bd41b82a2938734bc750,2ad626904c8b28cceb8e12c624a84240
541,3,2290,10,5cce6ffa455e6372d9de0de400482ab6,0370a0d090da0d0edc6319f120187e0e
544,4,2290,0,c5dd5b2e3b975f0849d9b74e74125cb9,0370a0d090da0d0edc6319f120187e0e
545,1,2150,43,42e0d7167f04a4ff958c6442da0e6851,766802a8fda500d7945950de7398c9c6
547,9,2110,1,c9ef395e3fd4c1dda4a4427fd86ec1d6,0370a0d090da0d0edc6319f120187e0e
548,8,2110,0,4dd3d6a51dc97c651d3a86eec4362a1f,e814950408915f43de2b079dce7c21c5
550,6,1920,1,42e0d7167f04a4ff958c6442da0e6851,48ec4e6c52f418d5ca4ef510ba473ea0
552,3,1920,11,48ec4e6c52f418d5ca4ef510ba473ea0,0370a0d090da0d0edc6319f120187e0e
553,3,1920,12,48ec4e6c52f418d5ca4ef510ba473ea0,0370a0d090da0d0edc6319f120187e0e
554,2,1770,1,766802a8fda500d7945950de7398c9c6,0370a0d090da0d0edc6319f120187e0e
555,4,1740,0,48ec4e6c52f418d5ca4ef510ba473ea0,0370a0d090da0d0edc6319f120187e0e
556,2,1580,79,48ec4e6c52f418d5ca4ef510ba473ea0,0370a0d090da0d0edc6319f120187e0e
557,4,1540,0,2ad626904c8b28cceb8e12c624a84240,0370a0d090da0d0edc6319f120187e0e
558,6,1540,1,99104de2626f67c1fa2ce70504970c3f,2ad626904c8b28cceb8e12c624a84240
560,5,1450,1,c5dd5b2e3b975f0849d9b74e74125cb9,4ef3dae16c436459ff05156abca5cebd
564,2,1330,43,5cce6ffa455e6372d9de0de400482ab6,0370a0d090da0d0edc6319f120187e0e
565,4,1300,0,48ec4e6c52f418d5ca4ef510ba473ea0,0370a0d090da0d0edc6319f120187e0e
566,1,1150,6,48ec4e6c52f418d5ca4ef510ba473ea0,0370a0d090da0d0edc6319f120187e0e
567,2,1070,5,766802a8fda500d7945950de7398c9c6,0370a0d090da0d0edc6319f120187e0e
568,4,1070,0,99104de2626f67c1fa2ce70504970c3f,0370a0d090da0d0edc6319f120187e0e
569,9,990,1,c9ef395e3fd4c1dda4a4427fd86ec1d6,0370a0d090da0d0edc6319f120187e0e
570,2,860,79,e814950408915f43de2b079dce7c21c5,0370a0d090da0d0edc6319f120187e0e
571,4,820,0,5cce6ffa455e6372d9de0de400482ab6,0370a0d090da0d0edc6319f120187e0e
572,2,620,1,e814950408915f43de2b079dce7c21c5,0370a0d090da0d0edc6319f120187e0e
573,4,589,0,99104de2626f67c1fa2ce70504970c3f,0370a0d090da0d0edc6319f120187e0e
574,6,457,2,c5dd5b2e3b975f0849d9b74e74125cb9,e814950408915f43de2b079dce7c21c5
576,3,457,11,e814950408915f43de2b079dce7c21c5,0370a0d090da0d0edc6319f120187e0e
577,3,457,12,e814950408915f43de2b079dce7c21c5,0370a0d090da0d0edc6319f120187e0e
578,1,348,47,2ad626904c8b28cceb8e12c624a84240,0370a0d090da0d0edc6319f120187e0e
579,2,105,101,e814950408915f43de2b079dce7c21c5,0370a0d090da0d0edc6319f120187e0e
580,4,87,0,42e0d7167f04a4ff958c6442da0e6851,0370a0d090da0d0edc6319f120187e0e
581,2,11,6,618f6d58ab2881152607c2a6e057bc51,0370a0d090da0d0edc6319f120187e0e
583,4,11,0,48ec4e6c52f418d5ca4ef510ba473ea0,0370a0d090da0d0edc6319f120187e0e
584,13,0,0,0370a0d090da0d0edc6319f120187e0e,0370a0d090da0d0edc6319f120187e0e
0,16,0,0,0370a0d090da0d0edc6319f120187e0e,0370a0d090da0d0edc6319f120187e0e
